Stock,Volatility
NVDA,0.5422845722450199
LPX,0.5059021519643032
AXP,0.41387782998597195
XOM,0.3722898694862545
BLK,0.34070915395422546
GOOGL,0.3353342909691449
MSFT,0.3261545792890887
WAT,0.3237526317345009
NEE,0.3155109397788133
UPS,0.3106960797259759
UNH,0.3050739382589358
CNI,0.2701016781158169
AMGN,0.2631561080283739
COST,0.2530798591912268
UL,0.24560489260130375
WM,0.23511414997995983
BRK-B,0.231988209806139
